0.0000,7.6416,54.2088,64.2826,145.9568,137.9533,122.7795,122.8972,114.9448,107.4227,135.4404,134.8597,136.8847,143.6347,178.7501,132.5625,160.3967,166.9162,142.8004,143.8764,141.5339,77.1654,74.3027,81.0549,61.4104,103.7920,86.6975,95.0061,95.3987,94.6914,113.1938,79.7381,57.4627,85.5954,75.1280,148.9526,136.7791,46.2989,32.8627,41.9558,56.4213,71.3053,112.9613
7.6416,0.0000,61.8504,65.6238,138.3152,130.3118,115.1380,130.5388,107.3032,99.7812,127.7988,127.2181,130.9773,139.0196,171.1085,124.9210,152.7552,159.2746,136.8929,136.2349,133.8923,69.5239,66.6611,73.4133,53.7688,96.1504,79.0559,87.3645,87.7572,87.0499,105.5522,72.0965,49.8212,77.9538,67.4864,141.3111,129.1376,38.6573,25.2211,34.3143,48.7797,63.6638,109.4985
51.7296,59.3712,0.0000,18.1011,167.3221,123.1109,107.2560,76.2481,136.3101,128.7881,156.8057,156.2250,90.2356,96.9856,161.9179,113.4953,141.3295,168.4211,96.1513,165.2418,122.4667,43.0946,62.3714,55.6192,82.7757,109.3637,108.0628,82.7072,75.0659,62.4010,117.0456,94.3711,74.8283,60.1597,72.2901,120.9313,117.7119,72.1361,68.5598,59.4667,45.0012,30.1172,66.9654
64.2826,65.6238,18.1011,0.0000,149.2210,125.4239,110.2501,93.4302,118.2090,110.6869,138.7046,138.1238,107.4177,114.1677,166.2206,120.0331,147.8672,168.6766,113.3333,147.1406,129.0044,24.9935,44.2703,37.5181,64.6746,91.2625,89.9617,64.6061,56.9647,44.2998,100.6643,76.2699,56.7272,42.0586,54.1890,136.4232,124.2496,54.0349,50.4587,41.3656,26.9001,12.0160,53.5083
148.1203,140.4787,169.4856,151.3844,0.0000,87.6077,91.8621,131.4354,33.7262,41.2483,44.2307,46.4181,107.7014,115.7438,46.0728,83.6063,54.9302,53.5974,111.9841,61.6057,89.8669,128.2160,107.1141,113.8664,86.7098,90.7898,61.9735,117.0165,120.8998,127.5029,101.6517,86.2354,99.2158,118.4068,100.4274,102.2247,90.0511,101.8213,115.2575,123.6395,130.3531,139.3684,164.3780
136.7932,129.1516,116.2078,125.4938,91.4563,0.0000,17.8713,57.4446,79.7167,72.6176,79.5472,77.3597,33.7106,41.7530,54.0498,9.6156,33.4614,60.5530,37.9933,66.2766,20.8151,100.5003,88.2181,94.8305,75.3828,46.4047,79.7996,65.8267,73.0772,85.6493,24.7296,62.5957,87.8887,99.3710,78.2994,28.2339,16.0604,90.4943,103.9305,112.3125,119.0261,113.4778,90.3873
125.3969,117.7553,98.3365,112.6216,95.6121,19.3986,0.0000,39.5733,92.7029,85.6038,87.8074,85.6200,15.8393,23.8817,58.2056,9.7830,37.6172,64.7088,21.7550,70.4324,18.7543,89.1040,76.8218,83.4342,63.9865,43.1940,74.3764,54.4304,61.6809,74.2530,13.3333,51.1994,76.4924,87.9747,66.9031,26.1731,13.9996,79.0980,92.5342,100.9161,107.6297,102.0814,72.5159
106.8175,114.4591,58.7632,73.0482,149.7052,70.7167,55.5429,0.0000,144.0211,136.9219,141.9005,139.7130,40.6164,20.7375,112.2987,63.8761,91.7103,118.8019,46.5320,124.5255,72.8474,75.8745,93.0537,86.3015,111.6906,90.8982,122.0805,84.5759,78.1998,72.6650,61.0374,98.9035,109.4333,90.8420,98.6722,71.3121,68.0927,106.7410,111.4312,102.3380,87.8726,72.9885,32.9426
114.3940,106.7525,135.7594,117.6582,31.0120,79.7167,91.1757,130.7490,0.0000,7.5221,23.2599,25.4474,107.0150,115.0573,77.0848,82.9199,73.4502,63.6747,111.2977,40.6350,94.1195,94.4898,73.3879,80.1401,52.9836,57.0636,28.2473,83.2903,87.1736,93.7767,89.4277,52.5092,65.4896,84.6806,66.7012,101.5382,89.3647,68.0951,81.5313,89.9133,96.6269,105.6422,139.3296
106.8720,99.2304,128.2373,110.1362,38.5340,72.6176,84.0765,123.6498,7.5221,0.0000,28.9009,31.0883,99.9158,107.9582,84.6068,75.8208,79.0911,69.3157,104.1985,46.2759,87.0203,86.9678,65.8659,72.6181,45.4616,49.5415,20.7252,75.7683,79.6515,86.2546,81.9056,44.9871,57.9675,77.1586,59.1791,94.4391,82.2656,60.5731,74.0093,82.3913,89.1048,98.1201,131.8075
134.8896,127.2481,156.2550,138.1538,41.5164,79.5472,87.1221,126.6954,23.2599,28.9009,0.0000,2.1875,102.9614,111.0038,62.7924,78.8664,50.1902,40.4148,107.2442,17.3750,85.1270,114.9854,93.8835,100.6357,73.4792,67.9999,48.7429,97.2410,104.4915,114.2723,96.9117,73.0047,85.9852,105.1762,87.1968,97.4847,85.3112,88.5907,102.0269,110.4089,117.1225,126.1378,159.6381
134.3089,126.6673,155.6742,137.5731,43.7039,77.3597,84.9347,124.5080,25.4474,31.0883,2.1875,0.0000,100.7740,108.8164,60.6050,76.6789,48.0028,38.2273,105.0567,15.1876,82.9395,114.4047,93.3028,100.0550,72.8985,67.4191,48.1621,96.6603,103.9108,113.6916,94.7243,72.4240,85.4044,104.5955,86.6161,95.2973,83.1237,88.0100,101.4462,109.8282,116.5418,125.5571,157.4506
133.6595,131.2320,85.6052,99.8903,109.0888,32.8753,17.0204,26.8420,106.1796,99.0805,101.2841,99.0967,0.0000,11.1504,71.6823,23.2597,51.0939,78.1855,5.9157,83.9091,32.2310,102.5807,90.2985,96.9109,77.4632,56.6707,87.8531,64.5563,71.0773,83.8704,26.8100,64.6761,89.9691,101.4514,80.3798,30.6957,27.4763,92.5747,106.0109,114.3928,114.7146,99.8305,59.7846
122.5091,130.1507,74.4548,88.7399,138.8679,59.8795,44.7056,15.6916,133.1838,126.0847,131.0632,128.8758,29.7791,0.0000,101.4614,53.0388,80.8730,107.9646,35.6948,113.6882,62.0102,91.5661,105.5630,101.9931,100.8533,80.0609,111.2433,77.9459,84.4669,88.3566,50.2001,88.0662,113.3593,106.5336,95.7898,60.4748,57.2554,115.9648,127.1228,118.0297,103.5642,88.6801,48.6343
179.3735,171.7319,155.8568,168.0741,49.1375,53.2659,57.5203,97.0936,78.7731,86.2952,62.7924,60.6050,73.3596,81.4020,0.0000,49.2646,20.5884,33.3161,77.6423,45.4174,55.5252,143.0806,130.7984,137.4109,117.9631,79.7082,107.0204,108.4070,115.6575,128.2297,67.3099,105.1760,130.4690,141.9513,120.8797,67.8829,55.7094,133.0746,146.5108,154.8928,161.6064,156.0581,130.0363
130.1089,122.4674,106.5923,118.8096,88.0573,9.6156,8.2557,47.8291,82.9199,75.8208,80.2526,78.0652,24.0950,32.1374,50.6508,0.0000,30.0624,57.1540,28.3778,62.8776,11.1996,93.8160,81.5338,88.1463,68.6985,46.8791,79.0884,59.1424,66.3930,78.9651,18.0453,55.9114,81.2045,92.6868,71.6151,18.6183,6.4448,83.8100,97.2462,105.6282,112.3418,106.7935,80.7717
158.7851,151.1435,135.2684,147.4857,57.9949,32.6775,36.9319,76.5052,73.4502,79.0911,50.1902,48.0028,52.7712,60.8136,20.5884,28.6762,0.0000,27.0916,57.0539,32.8152,34.9368,122.4922,110.2100,116.8224,97.3747,62.0600,95.2872,87.8186,95.0691,107.6412,46.7215,84.5876,109.8806,121.3629,100.2913,47.2945,35.1210,112.4862,125.9224,134.3044,141.0179,135.4697,109.4478
167.4817,159.8402,162.3600,170.7459,56.6621,59.7691,64.0235,103.5968,63.6747,69.3157,40.4148,38.2273,79.8628,87.9052,33.3161,55.7678,27.0916,0.0000,84.1455,23.0398,62.0284,146.0790,126.4756,133.2279,106.0713,82.1642,85.5118,111.4054,118.6559,131.2280,73.8131,102.1143,118.5773,137.7683,119.7889,74.3861,62.2126,121.1828,134.6190,143.0010,149.7146,158.7299,136.5395
132.9579,125.3163,109.4412,121.6585,103.1731,26.9596,11.1047,50.6780,100.2640,93.1648,95.3685,93.1810,26.9440,34.9864,65.7666,17.3440,45.1782,72.2698,0.0000,77.9934,26.3154,96.6650,84.3828,90.9953,71.5475,50.7550,81.9374,61.9914,69.2419,81.8140,20.8943,58.7604,84.0534,95.5357,74.4641,26.2210,21.5606,86.6590,100.0952,108.4772,115.1908,109.6425,83.6207
144.4420,136.8004,165.8073,147.7062,58.8915,65.4927,69.7471,109.3204,40.6350,46.2759,17.3750,15.1876,85.5864,93.6288,45.4174,61.4913,32.8152,23.0398,89.8691,0.0000,67.7519,124.5378,103.4359,110.1881,83.0316,68.9927,62.4720,98.2339,105.4844,118.0565,79.5367,79.0745,95.5375,114.7286,96.7491,80.1097,67.9362,98.1431,111.5793,119.9613,126.6748,135.6901,142.2630
141.3085,133.6669,117.7918,130.0091,92.0112,20.8151,19.4553,59.0286,94.1195,87.0203,84.2066,82.0191,35.2946,43.3370,54.6048,11.1996,34.0163,61.1080,26.6877,66.8315,0.0000,105.0156,92.7334,99.3458,79.8981,58.0787,90.2880,70.3420,77.5925,90.1646,29.2449,67.1110,92.4040,103.8863,82.8147,16.9283,4.7547,95.0096,108.4458,116.8278,123.5413,117.9931,91.9712
77.1654,69.5239,43.0946,24.9935,126.0526,100.4303,85.2565,95.7534,95.0406,87.5185,115.5362,114.9555,101.0958,109.1382,141.2271,95.0396,122.8737,143.6831,107.0115,123.9722,104.0109,0.0000,21.1019,14.3497,41.5062,66.2690,66.7933,39.6125,31.9712,19.3063,75.6708,51.2764,33.5588,18.8902,31.0206,111.4297,99.2561,30.8665,44.3027,40.1460,25.6805,12.9775,45.6184
74.3027,66.6611,62.3714,44.2703,104.9507,81.9216,66.7478,106.3211,73.9387,66.4166,94.4343,93.8535,82.5871,90.6295,122.7183,76.5308,104.3650,125.1744,88.5028,102.8703,85.5021,21.1019,0.0000,6.7522,20.4043,47.7603,45.6914,28.7374,21.0961,20.3888,57.1621,32.7677,16.8399,11.2927,9.9187,92.9209,80.7474,28.0038,41.4400,41.3504,36.6258,32.2543,65.9417
81.0549,73.4133,55.6192,37.5181,111.7029,88.6738,73.5000,101.5842,80.6909,73.1688,101.1865,100.6058,89.3393,97.3817,129.4706,83.2830,111.1172,131.9266,95.2550,109.6225,92.2544,14.3497,6.7522,0.0000,27.1565,54.5125,52.4436,33.9428,26.3015,13.6365,63.9143,39.5199,23.5922,4.5405,16.6709,99.6731,87.4996,34.7560,48.1922,48.1026,34.5050,25.5020,59.1895
61.4104,53.7688,82.7757,64.6746,84.5464,76.5429,61.3691,100.9424,53.5344,46.0123,74.0300,73.4492,77.2084,85.2508,117.3397,71.1521,98.9863,105.5058,83.1241,82.4660,80.1235,41.5062,20.4043,27.1565,0.0000,42.3816,25.2871,33.5957,34.1899,40.7931,51.7834,18.3277,12.5059,31.6970,13.7176,87.5422,75.3687,15.1115,28.5477,36.9297,43.6433,52.6586,86.3460
100.2077,92.5661,105.2516,88.9083,88.0756,46.4047,41.9498,81.5231,57.0636,49.5415,70.2391,69.6584,57.7891,65.8315,79.6869,46.8791,62.0388,82.1430,63.7048,71.3608,58.0787,63.9148,51.6326,58.2450,38.7973,0.0000,33.3949,29.2412,36.4917,49.0638,32.3641,26.0102,51.3032,62.7855,41.7139,65.4974,53.3239,53.9088,67.3450,75.7269,82.4405,76.8922,94.4880
86.1468,78.5052,107.5121,89.4110,59.2593,79.7996,75.3447,114.9180,28.2473,20.7252,48.7429,48.1621,91.1840,99.2264,105.3321,80.2740,95.2872,85.5118,97.0997,62.4720,91.4736,66.2426,45.1407,51.8929,24.7364,33.3949,0.0000,55.0431,58.9263,65.5294,65.7590,24.2619,37.2423,56.4333,38.4539,98.8923,86.7188,39.8479,53.2841,61.6660,68.3796,77.3949,111.0823
101.3336,93.6920,81.0223,64.6790,109.5724,63.2322,48.0584,87.6317,78.5604,71.0383,96.7972,96.2165,63.8977,71.9401,104.0290,57.8414,85.6756,106.4850,69.8134,97.7901,66.8128,39.6855,28.8103,34.0157,39.9232,29.0709,50.3131,0.0000,12.2624,24.8345,38.4727,27.1361,45.6502,38.5562,20.7475,74.2315,62.0580,55.0347,68.4709,70.1607,65.3660,52.6629,65.9664
95.3987,87.7572,73.2844,56.9647,117.2137,70.8735,55.6997,94.8113,86.2017,78.6797,104.4385,103.8578,71.0773,79.1197,111.6703,65.4827,93.3169,114.1263,76.9929,105.4314,74.4541,31.9712,21.0961,26.3015,41.5004,36.7122,57.9544,7.6413,0.0000,17.0965,46.1140,34.7774,37.9360,30.8419,20.4724,81.8728,69.6993,49.0998,62.5360,62.4465,57.6518,44.9487,58.2144
94.6914,87.0499,60.4448,44.2998,125.3394,83.5723,68.3985,87.9477,94.3274,86.8054,114.8230,114.2423,83.7760,91.8184,124.3690,78.1815,106.0157,126.8251,89.6917,118.1301,87.1528,19.3063,20.3888,13.6365,40.7931,49.4110,66.0802,20.3401,12.6988,0.0000,58.8128,47.4762,37.2287,18.1770,30.3075,94.5716,82.3981,48.3925,61.8287,59.4523,44.9868,32.2838,45.5529
112.0636,104.4220,109.9492,100.7642,107.6757,27.2374,12.0636,51.6369,86.9243,79.4023,97.5871,97.0063,27.9029,35.9453,70.2692,21.8466,49.6808,76.7724,33.8186,82.4960,30.8179,75.7707,63.4885,70.1010,50.6532,29.8608,61.0431,41.0971,48.3476,60.9198,0.0000,37.8661,63.1591,74.6414,53.5698,38.2367,26.0632,65.7647,79.2009,87.5829,94.2965,88.7482,84.1286
79.4304,71.7888,100.7957,82.6945,82.4363,73.9125,58.7387,98.3120,51.4243,43.9022,71.9199,71.3392,74.5780,82.6203,113.2087,68.5217,95.5606,102.1143,80.4936,79.0745,77.4930,59.5262,38.4242,45.1765,18.0199,33.5218,23.1770,36.8226,44.0731,56.6453,49.1529,0.0000,30.5259,49.7169,31.7375,84.9118,72.7383,33.1314,46.5677,54.9496,61.6632,70.6785,102.1982
57.4627,49.8212,74.8283,56.7272,97.0523,89.0489,73.8751,113.4484,66.0403,58.5183,86.5359,85.9552,89.7144,97.7567,129.8456,83.6581,111.4923,118.0117,95.6300,94.9720,92.6294,33.5588,16.8399,23.5922,12.5059,54.8875,37.7930,45.5773,37.9360,37.2287,64.2893,30.8336,0.0000,28.1326,26.2235,100.0482,87.8747,11.1638,24.6000,24.5105,35.2299,44.7111,79.1772
85.5954,77.9538,60.1597,42.0586,116.2433,93.2143,78.0405,106.1247,85.2314,77.7093,105.7269,105.1462,93.8798,101.9222,134.0110,87.8235,115.6577,136.4671,99.7954,114.1630,96.7948,18.8902,11.2927,4.5405,31.6970,59.0530,56.9841,38.4833,30.8419,18.1770,68.4548,44.0604,28.1326,0.0000,21.2114,104.2136,92.0401,39.2965,52.7327,52.6431,39.0455,30.0425,63.7299
84.2214,76.5798,72.2901,54.1890,105.2853,72.0029,56.8291,96.4024,74.2733,66.7512,94.7689,94.1882,72.6684,80.7108,112.7996,66.6121,94.4463,115.2557,78.5841,98.9892,75.5834,31.0206,9.9187,16.6709,30.3230,37.8416,46.0260,20.7475,20.4724,30.3075,47.2434,22.8490,26.7586,21.2114,0.0000,83.0022,70.8287,37.9225,51.3587,51.2691,46.5445,42.1730,75.8604
148.7273,141.0857,125.2106,137.4279,104.4474,28.2339,26.8741,66.4474,101.5382,94.4391,96.6427,94.4553,42.7134,50.7558,67.0409,18.6183,46.4525,73.5441,26.2210,79.2677,16.9283,112.4344,100.1522,106.7646,87.3168,65.4974,97.7068,77.7608,85.0113,97.5834,36.6636,74.5297,99.8228,111.3051,90.2335,0.0000,12.1735,102.4283,115.8646,124.2465,130.9601,125.4118,99.3900
136.5537,128.9122,113.0371,125.2544,92.2739,16.0604,14.7006,54.2739,89.3647,82.2656,84.4692,82.2818,30.5398,38.5822,54.8674,6.4448,34.2790,61.3706,21.9330,67.0942,4.7547,100.2608,87.9786,94.5911,75.1433,53.3239,85.5333,65.5872,72.8378,85.4099,24.4901,62.3562,87.6493,99.1316,78.0599,12.1735,0.0000,90.2548,103.6910,112.0730,118.7866,113.2383,87.2165
46.2989,38.6573,72.1361,54.0349,99.6579,91.6544,76.4806,116.0539,68.6459,61.1238,89.1415,88.5607,92.3199,100.3623,132.4512,86.2636,114.0978,120.6173,98.2356,97.5775,95.2350,30.8665,28.0038,34.7560,15.1115,57.4931,40.3986,48.7072,49.0998,48.3925,66.8949,33.4392,11.1638,39.2965,28.8291,102.6537,90.4802,0.0000,13.4362,21.8182,32.5376,42.0189,76.4849
32.8627,25.2211,68.5598,50.4587,113.0941,105.0906,89.9168,126.6302,82.0821,74.5600,102.5777,101.9970,105.7561,113.7985,145.8874,99.6998,127.5340,134.0535,111.6718,111.0137,108.6712,44.3027,41.4400,48.1922,28.5477,70.9293,53.8348,62.1434,62.5360,61.8287,80.3311,46.8754,24.6000,52.7327,42.2653,116.0899,103.9164,13.4362,0.0000,9.0931,23.5586,38.4426,86.7083
41.9558,34.3143,59.4667,41.3656,121.4760,113.4726,98.2988,117.5371,90.4641,82.9420,110.9596,110.3789,114.1381,122.1805,154.2693,108.0818,135.9160,142.4355,120.0538,119.3957,117.0532,40.1460,41.3504,48.1026,36.9297,79.3113,62.2168,70.0878,62.4465,59.4523,88.7131,55.2574,24.5105,52.6431,50.6472,124.4719,112.2984,21.8182,9.0931,0.0000,14.4655,29.3495,77.6152
56.4213,48.7797,45.0012,26.9001,128.1896,118.5474,103.3736,103.0716,97.1777,89.6556,117.6732,117.0925,117.0591,123.8091,159.3441,113.1566,140.9908,149.1491,122.9748,126.1093,122.1279,25.6805,36.6258,34.5050,43.6433,84.3860,68.9304,65.2931,57.6518,44.9868,93.7879,61.9709,35.2299,39.0455,46.5445,129.5467,117.3732,32.5376,23.5586,14.4655,0.0000,14.8840,63.1497
71.3053,63.6638,30.1172,12.0160,137.2049,113.4078,98.2340,88.1876,106.1929,98.6709,126.6885,126.1078,102.1751,108.9250,154.2045,108.0170,135.8512,156.6606,108.0907,135.1246,116.9883,12.9775,32.2543,25.5020,52.6586,79.2465,77.9457,52.5900,44.9487,32.2838,88.6483,64.2539,44.7111,30.0425,42.1730,124.4071,112.2336,42.0189,38.4426,29.3495,14.8840,0.0000,48.2657
82.6854,90.3269,34.6311,48.9161,170.8923,105.3313,89.4764,58.4685,139.8803,132.3583,160.3759,159.7952,72.4560,79.2060,144.1383,95.7157,123.5499,150.6415,78.3717,156.3651,104.6870,45.6184,65.9417,59.1895,86.3460,94.4309,111.6331,65.8557,58.2144,45.5529,84.6161,92.9918,79.1772,63.7299,75.8604,103.1517,99.9323,76.4849,86.7083,77.6152,63.1497,48.2657,0.0000
