0.00,9.51,46.50,46.61,169.79,147.88,142.49,145.85,130.29,120.68,141.58,152.76,142.56,147.97,179.27,145.68,161.62,170.79,141.72,154.17,153.20,55.75,67.50,62.62,69.45,111.55,98.68,86.74,80.76,71.24,127.26,84.19,57.41,57.56,74.93,159.05,151.13,48.92,32.10,33.50,38.96,49.60,93.37
9.51,0.00,55.77,54.66,167.17,150.68,146.21,152.00,127.96,118.75,140.11,151.14,147.43,153.36,179.88,148.80,162.67,169.92,145.82,153.37,156.20,60.97,70.47,66.04,70.23,113.41,97.99,90.03,84.67,75.97,130.65,85.89,58.51,59.84,76.96,162.82,154.58,49.57,32.42,36.18,43.55,56.05,100.31
46.50,55.77,0.00,16.92,178.58,131.26,121.48,112.21,139.82,129.07,146.30,157.54,115.64,118.15,172.04,127.60,153.04,171.15,118.81,154.96,135.27,41.23,60.87,55.32,72.86,102.58,103.61,73.89,65.76,53.92,109.02,80.02,63.02,57.73,71.07,136.96,131.07,59.68,52.86,45.48,38.62,30.59,58.50
46.61,54.66,16.92,0.00,161.85,115.72,106.76,101.86,123.26,112.49,129.45,140.67,102.54,106.14,155.50,112.31,136.55,154.24,104.55,138.04,120.01,24.31,43.99,38.48,56.49,85.89,86.93,57.26,49.21,37.39,93.59,63.11,47.32,41.50,54.20,122.64,116.22,45.22,42.07,33.59,24.63,13.71,48.12
169.79,167.17,178.58,161.85,0.00,92.40,106.96,150.51,39.65,49.93,33.62,23.98,126.26,136.93,60.29,97.33,64.16,31.62,113.07,34.60,96.41,137.75,118.05,123.42,106.13,85.75,75.00,110.37,118.17,128.54,101.23,99.60,117.22,121.26,107.85,111.01,103.58,123.47,138.41,140.53,142.39,148.16,151.26
147.88,150.68,131.26,115.72,92.40,0.00,15.95,59.69,77.58,72.85,65.76,70.09,35.23,45.19,48.98,5.53,32.08,65.49,22.18,57.85,6.38,94.71,80.40,85.30,82.54,39.12,67.90,61.26,68.04,79.20,22.26,65.70,93.01,90.84,73.95,20.40,11.37,102.11,118.72,114.67,109.37,104.24,81.00
142.49,146.21,121.48,106.76,106.96,15.95,0.00,44.01,88.47,82.31,78.48,84.01,19.51,29.97,64.73,10.42,48.02,81.07,6.28,72.37,15.96,87.62,75.91,80.18,81.18,41.21,72.61,56.28,61.73,71.84,16.25,64.31,90.37,87.01,71.23,16.60,9.74,99.29,115.10,110.04,103.55,96.34,68.12
145.85,152.00,112.21,101.86,150.51,59.69,44.01,0.00,128.30,120.51,120.59,127.15,24.50,15.17,107.14,54.27,91.65,125.08,37.75,116.02,57.77,91.35,88.87,90.74,100.69,74.23,104.56,72.48,73.06,77.73,50.68,86.47,105.72,99.86,89.26,47.05,49.95,113.18,125.42,118.08,108.91,96.25,53.94
130.29,127.96,139.82,123.26,39.65,77.58,88.47,128.30,0.00,10.83,17.13,25.25,105.82,116.86,69.06,81.04,61.10,47.21,93.71,33.71,83.28,99.48,79.97,85.12,67.02,55.67,36.51,75.22,82.38,91.75,77.70,62.52,77.80,82.19,69.93,97.97,88.66,83.85,98.79,100.90,103.03,109.65,118.09
120.68,118.75,129.07,112.49,49.93,72.85,82.31,120.51,10.83,0.00,22.10,32.57,98.77,109.76,71.55,75.75,60.84,53.13,87.18,37.78,78.87,88.66,69.15,74.30,56.34,46.83,25.69,64.73,71.75,80.98,70.31,51.76,67.30,71.50,59.10,93.17,83.55,73.62,88.94,90.69,92.49,98.86,107.81
141.58,140.11,146.30,129.45,33.62,65.76,78.48,120.59,17.13,22.10,0.00,11.35,97.01,107.98,51.97,69.92,45.19,31.06,84.21,16.59,70.93,105.19,85.47,90.98,74.84,52.40,43.61,76.82,84.69,95.26,70.18,66.62,86.49,89.73,75.25,85.85,77.11,93.60,109.59,110.56,111.27,115.74,117.72
152.76,151.14,157.54,140.67,23.98,70.09,84.01,127.15,25.25,32.57,11.35,0.00,103.09,113.90,47.43,74.74,45.01,22.29,90.01,13.32,74.64,116.39,96.68,102.21,86.19,61.98,54.95,87.45,95.42,106.18,77.45,77.73,97.83,101.07,86.47,89.50,81.43,104.90,120.81,121.88,122.61,126.96,127.61
142.56,147.43,115.64,102.54,126.26,35.23,19.51,24.50,105.82,98.77,97.01,103.09,0.00,11.04,83.27,29.78,67.27,100.57,13.26,91.71,33.74,86.81,79.16,82.39,87.88,54.10,85.63,60.34,63.55,71.47,28.55,71.89,95.21,90.54,76.89,25.48,26.02,103.61,118.00,111.78,103.92,94.03,58.49
147.97,153.36,118.15,106.14,136.93,45.19,29.97,15.17,116.86,109.76,107.98,113.90,11.04,0.00,92.07,39.90,76.92,110.69,23.89,102.34,42.84,92.41,86.67,89.43,96.54,64.74,96.09,68.55,70.83,77.59,39.47,81.05,103.12,97.99,85.33,31.90,35.03,111.23,124.90,118.23,109.82,98.76,59.85
179.27,179.88,172.04,155.50,60.29,48.98,64.73,107.14,69.06,71.55,51.97,47.43,83.27,92.07,0.00,54.45,19.15,28.74,70.79,35.58,49.52,132.13,114.23,119.84,109.86,69.76,83.30,98.24,106.30,118.14,68.15,95.67,121.86,122.38,105.21,61.04,57.29,130.50,147.63,146.05,143.52,142.60,127.64
145.68,148.80,127.60,112.31,97.33,5.53,10.42,54.27,81.04,75.75,69.92,74.74,29.78,39.90,54.45,0.00,37.60,70.84,16.67,62.73,7.70,91.85,78.35,83.06,81.56,38.96,69.00,58.94,65.33,76.21,18.78,64.62,91.63,89.05,72.46,17.76,7.88,100.70,117.07,112.68,106.97,101.15,76.31
161.62,162.67,153.04,136.55,64.16,32.08,48.02,91.65,61.10,60.84,45.19,45.01,67.27,76.92,19.15,37.60,0.00,34.53,54.26,31.69,34.21,113.36,95.80,101.35,92.45,51.07,67.90,79.34,87.34,99.17,49.50,77.59,104.31,104.37,87.06,47.86,41.96,113.12,130.28,128.23,125.23,123.77,108.73
170.79,169.92,171.15,154.24,31.62,65.49,81.07,125.08,47.21,53.13,31.06,22.29,100.57,110.69,28.74,70.84,34.53,0.00,87.35,16.65,68.45,130.00,110.66,116.33,102.39,70.34,72.11,98.34,106.58,118.05,78.85,91.36,114.39,116.63,100.69,82.37,76.06,122.16,138.69,138.82,138.34,140.69,134.78
141.72,145.82,118.81,104.55,113.07,22.18,6.28,37.75,93.71,87.18,84.21,90.01,13.26,23.89,70.79,16.67,54.26,87.35,0.00,78.49,21.57,86.38,75.93,79.88,82.41,44.44,76.10,56.40,61.15,70.64,18.51,65.74,91.01,87.19,72.04,18.15,14.39,99.79,115.18,109.73,102.77,94.67,64.13
154.17,153.37,154.96,138.04,34.60,57.85,72.37,116.02,33.71,37.78,16.59,13.32,91.71,102.34,35.58,62.73,31.69,16.65,78.49,0.00,62.06,113.76,94.31,99.97,85.76,55.36,55.49,82.71,90.91,102.21,67.35,75.02,97.75,100.07,84.28,76.82,69.09,105.51,122.07,122.18,121.77,124.44,120.68
153.20,156.20,135.27,120.01,96.41,6.38,15.96,57.77,83.28,78.87,70.93,74.64,33.74,42.84,49.52,7.70,34.21,68.45,21.57,62.06,0.00,99.52,85.80,90.58,88.50,45.30,74.28,66.47,72.97,83.89,26.48,71.60,98.79,96.40,79.67,14.93,7.82,107.88,124.37,120.12,114.55,108.85,83.53
55.75,60.97,41.23,24.31,137.75,94.71,87.62,91.35,99.48,88.66,105.19,116.39,86.81,92.41,132.13,91.85,113.36,130.00,86.38,113.76,99.52,0.00,19.73,14.36,33.53,62.37,63.01,34.20,26.72,15.78,73.12,38.79,26.80,19.69,29.94,104.03,96.64,28.65,35.17,27.07,17.57,10.69,42.44
67.50,70.47,60.87,43.99,118.05,80.40,75.91,88.87,79.97,69.15,85.47,96.68,79.16,86.67,114.23,78.35,95.80,110.66,75.93,94.31,85.80,19.73,0.00,5.69,16.37,44.83,43.46,19.63,15.90,15.12,60.20,19.30,16.90,11.38,10.22,92.51,84.12,24.56,39.26,34.33,29.53,30.29,49.12
62.62,66.04,55.32,38.48,123.42,85.30,80.18,90.74,85.12,74.30,90.98,102.21,82.39,89.43,119.84,83.06,101.35,116.33,79.88,99.97,90.58,14.36,5.69,0.00,19.82,50.33,48.64,24.12,18.88,14.05,64.70,24.98,16.59,9.51,15.76,96.78,88.61,22.58,35.61,29.87,24.20,24.77,48.01
69.45,70.23,72.86,56.49,106.13,82.54,81.18,100.69,67.02,56.34,74.84,86.19,87.88,96.54,109.86,81.56,92.45,102.39,82.41,85.76,88.50,33.53,16.37,19.82,0.00,43.90,31.30,28.24,28.88,31.40,64.94,16.96,12.10,15.16,11.44,97.42,88.25,20.68,37.84,36.56,36.44,43.07,65.06
111.55,113.41,102.58,85.89,85.75,39.12,41.21,74.23,55.67,46.83,52.40,61.98,54.10,64.74,69.76,38.96,51.07,70.34,44.44,55.36,45.30,62.37,44.83,50.33,43.90,0.00,31.69,28.71,36.92,48.70,26.01,27.53,55.01,53.99,36.62,56.08,46.34,64.08,81.07,78.05,74.34,72.87,65.66
98.68,97.99,103.61,86.93,75.00,67.90,72.61,104.56,36.51,25.69,43.61,54.95,85.63,96.09,83.30,69.00,67.90,72.11,76.10,55.49,74.28,63.01,43.46,48.64,31.30,31.69,0.00,40.71,47.03,55.58,57.70,26.55,42.88,46.34,33.43,86.64,76.74,50.18,66.58,67.05,67.73,73.27,84.14
86.74,90.03,73.89,57.26,110.37,61.26,56.28,72.48,75.22,64.73,76.82,87.45,60.34,68.55,98.24,58.94,79.34,98.34,56.40,82.71,66.47,34.20,19.63,24.12,28.24,28.71,40.71,0.00,8.26,19.99,40.62,15.50,34.90,30.80,16.86,72.88,64.55,43.49,58.85,53.85,48.11,44.46,43.43
80.76,84.67,65.76,49.21,118.17,68.04,61.73,73.06,82.38,71.75,84.69,95.42,63.55,70.83,106.30,65.33,87.34,106.58,61.15,90.91,72.97,26.72,15.90,18.88,28.88,36.92,47.03,8.26,0.00,11.84,46.68,20.62,32.67,27.17,17.86,78.29,70.44,40.44,54.47,48.61,41.83,36.67,37.81
71.24,75.97,53.92,37.39,128.54,79.20,71.84,77.73,91.75,80.98,95.26,106.18,71.47,77.59,118.14,76.21,99.17,118.05,70.64,102.21,83.89,15.78,15.12,14.05,31.40,48.70,55.58,19.99,11.84,0.00,57.44,29.23,30.59,23.55,22.87,88.26,80.89,36.40,47.70,40.67,32.45,25.09,34.18
127.26,130.65,109.02,93.59,101.23,22.26,16.25,50.68,77.70,70.31,70.18,77.45,28.55,39.47,68.15,18.78,49.50,78.85,18.51,67.35,26.48,73.12,60.20,64.70,64.94,26.01,57.70,40.62,46.68,57.44,0.00,48.05,74.27,71.15,55.09,32.58,23.93,83.23,99.25,94.48,88.44,82.37,59.66
84.19,85.89,80.02,63.11,99.60,65.70,64.31,86.47,62.52,51.76,66.62,77.73,71.89,81.05,95.67,64.62,77.59,91.36,65.74,75.02,71.60,38.79,19.30,24.98,16.96,27.53,26.55,15.50,20.62,29.23,48.05,0.00,27.50,26.78,9.56,80.49,71.29,36.60,53.54,50.72,47.91,49.45,58.25
57.41,58.51,63.02,47.32,117.22,93.01,90.37,105.72,77.80,67.30,86.49,97.83,95.21,103.12,121.86,91.63,104.31,114.39,91.01,97.75,98.79,26.80,16.90,16.59,12.10,55.01,42.88,34.90,32.67,30.59,74.27,27.50,0.00,7.44,19.19,106.84,97.98,9.11,26.10,24.47,25.24,34.65,64.60
57.56,59.84,57.73,41.50,121.26,90.84,87.01,99.86,82.19,71.50,89.73,101.07,90.54,97.99,122.38,89.05,104.37,116.63,87.19,100.07,96.40,19.69,11.38,9.51,15.16,53.99,46.34,30.80,27.17,23.55,71.15,26.78,7.44,0.00,17.38,103.58,95.04,13.32,28.10,24.07,21.71,28.32,57.36
74.93,76.96,71.07,54.20,107.85,73.95,71.23,89.26,69.93,59.10,75.25,86.47,76.89,85.33,105.21,72.46,87.06,100.69,72.04,84.28,79.67,29.94,10.22,15.76,11.44,36.62,33.43,16.86,17.86,22.87,55.09,9.56,19.19,17.38,0.00,87.67,78.78,28.23,44.79,41.43,38.35,40.49,55.08
159.05,162.82,136.96,122.64,111.01,20.40,16.60,47.05,97.97,93.17,85.85,89.50,25.48,31.90,61.04,17.76,47.86,82.37,18.15,76.82,14.93,104.03,92.51,96.78,97.42,56.08,86.64,72.88,78.29,88.26,32.58,80.49,106.84,103.58,87.67,0.00,9.91,115.79,131.68,126.64,120.10,112.57,81.90
151.13,154.58,131.07,116.22,103.58,11.37,9.74,49.95,88.66,83.55,77.11,81.43,26.02,35.03,57.29,7.88,41.96,76.06,14.39,69.09,7.82,96.64,84.12,88.61,88.25,46.34,76.74,64.55,70.44,80.89,23.93,71.29,97.98,95.04,78.78,9.91,0.00,106.99,123.13,118.40,112.26,105.57,77.83
48.92,49.57,59.68,45.22,123.47,102.11,99.29,113.18,83.85,73.62,93.60,104.90,103.61,111.23,130.50,100.70,113.12,122.16,99.79,105.51,107.88,28.65,24.56,22.58,20.68,64.08,50.18,43.49,40.44,36.40,83.23,36.60,9.11,13.32,28.23,115.79,106.99,0.00,17.16,17.07,21.06,34.06,69.50
32.10,32.42,52.86,42.07,138.41,118.72,115.10,125.42,98.79,88.94,109.59,120.81,118.00,124.90,147.63,117.07,130.28,138.69,115.18,122.07,124.37,35.17,39.26,35.61,37.84,81.07,66.58,58.85,54.47,47.70,99.25,53.54,26.10,28.10,44.79,131.68,123.13,17.16,0.00,8.84,19.26,35.41,77.57
33.50,36.18,45.48,33.59,140.53,114.67,110.04,118.08,100.90,90.69,110.56,121.88,111.78,118.23,146.05,112.68,128.23,138.82,109.73,122.18,120.12,27.07,34.33,29.87,36.56,78.05,67.05,53.85,48.61,40.67,94.48,50.72,24.47,24.07,41.43,126.64,118.40,17.07,8.84,0.00,10.46,26.59,69.23
38.96,43.55,38.62,24.63,142.39,109.37,103.55,108.91,103.03,92.49,111.27,122.61,103.92,109.82,143.52,106.97,125.23,138.34,102.77,121.77,114.55,17.57,29.53,24.20,36.44,74.34,67.73,48.11,41.83,32.45,88.44,47.91,25.24,21.71,38.35,120.10,112.26,21.06,19.26,10.46,0.00,16.16,59.08
49.60,56.05,30.59,13.71,148.16,104.24,96.34,96.25,109.65,98.86,115.74,126.96,94.03,98.76,142.60,101.15,123.77,140.69,94.67,124.44,108.85,10.69,30.29,24.77,43.07,72.87,73.27,44.46,36.67,25.09,82.37,49.45,34.65,28.32,40.49,112.57,105.57,34.06,35.41,26.59,16.16,0.00,44.37
93.37,100.31,58.50,48.12,151.26,81.00,68.12,53.94,118.09,107.81,117.72,127.61,58.49,59.85,127.64,76.31,108.73,134.78,64.13,120.68,83.53,42.44,49.12,48.01,65.06,65.66,84.14,43.43,37.81,34.18,59.66,58.25,64.60,57.36,55.08,81.90,77.83,69.50,77.57,69.23,59.08,44.37,0.00
